<?xml version="1.0" encoding="UTF-8"?>
<preferences>
 <debug showDebugMenu="0" />
 <systemtable filter="Default">
  <columns>
   <connections preferredWidth="159" />
   <irq preferredWidth="34" />
  </columns>
 </systemtable>
 <clocktable>
  <columns>
   <clockname preferredWidth="185" />
   <clocksource preferredWidth="185" />
   <frequency preferredWidth="166" />
  </columns>
 </clocktable>
 <window width="1100" height="800" x="0" y="0" />
 <library
   expandedCategories="Library/Peripherals,Library,Project,Library/Peripherals/Debug and Performance" />
 <generation testbench_system="STANDARD" />
</preferences>
